window_start_sec,window_end_sec,window_center_sec,n_seizures,obs_median_maxAB,obs_q25,obs_q75,all_contact_null_median,all_contact_null_p2.5,all_contact_null_p97.5,all_contact_pointwise_p,all_contact_maxt_p,all_contact_cluster_sig,within_shaft_null_median,within_shaft_null_p2.5,within_shaft_null_p97.5,within_shaft_pointwise_p,within_shaft_maxt_p,within_shaft_cluster_sig
-120.0,-110.0,-115.0,12,0.7991129454978241,0.6633661685908041,0.853672039982497,0.7929540442833344,0.6436229099912734,0.8720544956782893,0.44755244755244755,1.0,False,0.8195698655719449,0.733593379435821,0.8795911194869025,0.7012987012987013,1.0,False
-118.0,-108.0,-113.0,12,0.8522078601078555,0.7593326563970035,0.8874127538467529,0.7934145919722027,0.6359198170756597,0.8730542825629172,0.08091908091908091,0.9560439560439561,False,0.8138851162491694,0.7322486001670576,0.8687117492974457,0.0969030969030969,0.996003996003996,False
-116.0,-106.0,-111.0,12,0.7601973486535154,0.6976746042341986,0.8814114080177167,0.7920946482567782,0.6470783360767659,0.869961957047853,0.7142857142857143,1.0,False,0.7972910382596087,0.722555714512664,0.8601449741760864,0.8471528471528471,1.0,False
-114.0,-104.0,-109.0,12,0.7657656320656823,0.7017294382808446,0.8255006318517326,0.7924838161864687,0.6533405450677671,0.8787886767057245,0.6953046953046953,1.0,False,0.789131461844798,0.7138280168506099,0.8439115440289376,0.7492507492507493,1.0,False
-112.0,-102.0,-107.0,12,0.8675902722048796,0.7943656300117541,0.9313117207892215,0.7906703500063904,0.6415662123556045,0.8728876185881227,0.03296703296703297,0.7162837162837162,False,0.8026716119244696,0.7400878351873559,0.850626104880495,0.003996003996003996,0.17782217782217782,False
-110.0,-100.0,-105.0,12,0.8350636357450829,0.7739266752412324,0.9007179671188208,0.7912351916390712,0.6284224662251333,0.8736823838992258,0.17882117882117882,0.9920079920079921,False,0.796951535815489,0.7432450076992794,0.8450010288434257,0.06493506493506493,0.9270729270729271,False
-108.0,-98.0,-103.0,12,0.7925438085312256,0.7713264387983045,0.8184332902122535,0.7900066458328396,0.6454735453149641,0.8786612834147594,0.48151848151848153,1.0,False,0.8011696662157977,0.7480142001766038,0.8437573835811092,0.6383616383616384,1.0,False
-106.0,-96.0,-101.0,12,0.851370005465296,0.7836784120824951,0.8637720232180738,0.7889087066212257,0.64644887142339,0.8706509158754494,0.08091908091908091,0.9200799200799201,False,0.8066558860980633,0.7468942902605402,0.8590680179838627,0.04895104895104895,0.8631368631368631,False
-104.0,-94.0,-99.0,12,0.7822939617497098,0.7457584847777197,0.8226945701555484,0.7907799862735222,0.6599892770629511,0.8762158038556875,0.5744255744255744,1.0,False,0.8107975232444391,0.7339034986867743,0.8753436707879529,0.7852147852147852,1.0,False
-102.0,-92.0,-97.0,12,0.7451821358877742,0.7168522335035612,0.8052359857496608,0.7934664597434566,0.6375668167091835,0.8734533294189376,0.7992007992007992,1.0,False,0.7932338190366507,0.7162600458013252,0.8557326388887329,0.9050949050949051,1.0,False
-100.0,-90.0,-95.0,12,0.7523277318721759,0.6386554807776643,0.8187837715155887,0.7927337683240017,0.6409016730380046,0.8768907794466668,0.7562437562437563,1.0,False,0.7946377177715861,0.7202477054283049,0.8559782885096352,0.8771228771228772,1.0,False
-98.0,-88.0,-93.0,12,0.7619355424136991,0.6146260939869377,0.8267119878667627,0.7941989300211799,0.6546613154410568,0.8754128282766522,0.7052947052947053,1.0,False,0.8016119733313776,0.7256009572333181,0.8637280778132294,0.8671328671328671,1.0,False
-96.0,-86.0,-91.0,12,0.7211989526011486,0.6779973064784725,0.8089535485910023,0.7934708607215866,0.6399207944702154,0.8737864615570805,0.8721278721278721,1.0,False,0.8110159247379525,0.7258618762480719,0.872027457521101,0.9790209790209791,1.0,False
-94.0,-84.0,-89.0,12,0.7465175721664566,0.5987104305785289,0.8500489262270996,0.7907594902819206,0.6473882629102232,0.8728212855465168,0.7682317682317682,1.0,False,0.8081052855765763,0.7253189905704314,0.8702290308659566,0.942057942057942,1.0,False
-92.0,-82.0,-87.0,12,0.7496730514403911,0.68460405845989,0.8283891782545326,0.789815235737013,0.6383478669687899,0.8756104562276503,0.7432567432567433,1.0,False,0.7946756206329962,0.7246906311083484,0.8614413489917205,0.9020979020979021,1.0,False
-90.0,-80.0,-85.0,12,0.7877890488687969,0.7431391273222501,0.8396085854629652,0.7940523992049807,0.6568902630469575,0.8740637061097248,0.5504495504495505,1.0,False,0.7792707446892118,0.6808928945987359,0.8536608180209958,0.4385614385614386,1.0,False
-88.0,-78.0,-83.0,12,0.7370633441202881,0.6716078173809552,0.8641107511002605,0.7934837272264117,0.6493524382585255,0.8863027863607278,0.8051948051948052,1.0,False,0.8045463702502136,0.7028575105416092,0.8727519049884325,0.922077922077922,1.0,False
-86.0,-76.0,-81.0,12,0.7995942698989227,0.6305711901232008,0.8944433558676915,0.7940727623927768,0.6408576919113562,0.8762742863326141,0.4645354645354645,1.0,False,0.7739629579655943,0.677514369061387,0.8651278800645238,0.27972027972027974,1.0,False
-84.0,-74.0,-79.0,12,0.8425436344988704,0.7101708032789886,0.9037180035499883,0.7906003003574372,0.6513590183577476,0.8721526837092316,0.13186813186813187,0.9790209790209791,False,0.7752446179373228,0.6561731322506535,0.8721799591316476,0.1018981018981019,0.987012987012987,False
-82.0,-72.0,-77.0,12,0.7874651769172931,0.6505057005343541,0.9164390060507454,0.7937700904148819,0.6475507013649816,0.8719689272748229,0.5624375624375625,1.0,False,0.790210575846579,0.6759382438680944,0.8630312467238126,0.5244755244755245,1.0,False
-80.0,-70.0,-75.0,12,0.7867809645946816,0.7363691632054701,0.9160838161524394,0.7935358591165299,0.6585069670293222,0.8772161257202191,0.5454545454545454,1.0,False,0.7910709158026796,0.683764955593787,0.8743240012711353,0.5344655344655345,1.0,False
-78.0,-68.0,-73.0,12,0.7589394929749125,0.687393315937111,0.8649515611926181,0.7971144200858958,0.6461756934533777,0.8826295090806537,0.7432567432567433,1.0,False,0.7802209170881313,0.6746887977449441,0.8582906889762031,0.6783216783216783,1.0,False
-76.0,-66.0,-71.0,12,0.7778911163662203,0.5557433920017464,0.8596134020201593,0.7951935825035872,0.6507580134887099,0.8776785323949443,0.6183816183816184,1.0,False,0.7935042355574415,0.6981403484228461,0.8667101431680644,0.6443556443556444,1.0,False
-74.0,-64.0,-69.0,12,0.7720290231648224,0.6511860685095803,0.8825342346709899,0.7966939746613095,0.6616782425273575,0.8772857951317129,0.6623376623376623,1.0,False,0.788917264383876,0.6868219457328559,0.8834735443368866,0.6073926073926074,1.0,False
-72.0,-62.0,-67.0,12,0.8306762427680896,0.7702078379888556,0.9263348052322544,0.7930580295699621,0.6440896408320445,0.8708495830548952,0.18681318681318682,0.994005994005994,False,0.7925490983596319,0.7046162297192174,0.8618162080544148,0.14985014985014986,0.999000999000999,False
-70.0,-60.0,-65.0,12,0.8635236381372946,0.8261242242339623,0.9302906566644573,0.792621942549582,0.6525033153394751,0.8665301380555881,0.03196803196803197,0.7492507492507493,False,0.8065335900450611,0.7232891555140514,0.8694968482747973,0.03596403596403597,0.8101898101898102,False
-68.0,-58.0,-63.0,12,0.8395290098632289,0.7197318018041264,0.9066404444383941,0.7936852165630608,0.6328560439723118,0.8735399013681442,0.14185814185814186,0.989010989010989,False,0.8164400348740828,0.7498477034932106,0.8704606737976631,0.2177822177822178,1.0,False
-66.0,-56.0,-61.0,12,0.791746809946781,0.736628742354806,0.8513203864403707,0.7933463228431517,0.6454479419581781,0.8761253506281708,0.5144855144855145,1.0,False,0.7937105072709141,0.7114969526857183,0.8706210640298137,0.5254745254745254,1.0,False
-64.0,-54.0,-59.0,12,0.8153743523941985,0.8006584080357971,0.870943075341935,0.794979831083533,0.6425955189751208,0.8742251274262732,0.31368631368631367,1.0,False,0.8169953065733799,0.7257359096455507,0.8737230032719181,0.5194805194805194,1.0,False
-62.0,-52.0,-57.0,12,0.82147642220205,0.7982546142024612,0.8616768074207337,0.7941914843626118,0.6534317225129832,0.8746853248597871,0.27672327672327673,0.999000999000999,False,0.814337097723987,0.7184684046916795,0.875735388072117,0.4115884115884116,1.0,False
-60.0,-50.0,-55.0,12,0.7894614261592618,0.6942979097908109,0.8838210031985411,0.790774146607599,0.6399355972352984,0.8695558248910604,0.5084915084915085,1.0,False,0.8099896260684827,0.704577711593097,0.8818252708664056,0.6643356643356644,1.0,False
-58.0,-48.0,-53.0,12,0.8167332978475288,0.7765720492074832,0.8493214231215351,0.7926337671559787,0.6510961956637719,0.8711134654567112,0.2947052947052947,0.999000999000999,False,0.8022288868994394,0.7029867990663644,0.8713076345709811,0.35264735264735264,1.0,False
-56.0,-46.0,-51.0,12,0.7930140923594717,0.6386110183638125,0.8858499185165619,0.7915680649059771,0.6509990120333222,0.8681185477296728,0.4855144855144855,1.0,False,0.7933430433784399,0.6780088265455476,0.8779882140043094,0.5064935064935064,1.0,False
-54.0,-44.0,-49.0,12,0.7964227456243,0.6934668375545595,0.8773908852597091,0.7907165924733752,0.650896832918248,0.8733003274266161,0.4565434565434565,1.0,False,0.8014238435423354,0.6998774771469749,0.8788760609609547,0.5404595404595405,1.0,False
-52.0,-42.0,-47.0,12,0.7750597333332643,0.6258546727634196,0.8393897109669739,0.7943876654989028,0.6609439505816682,0.8749609400161967,0.6433566433566433,1.0,False,0.809317917898003,0.6935131979044757,0.8827804877163233,0.7512487512487512,1.0,False
-50.0,-40.0,-45.0,12,0.7882082868055706,0.6768128888908469,0.8450206426144302,0.7954430569630485,0.6460896517728734,0.8756365189929103,0.5604395604395604,1.0,False,0.8199227123719481,0.7398117080621357,0.8852155495515511,0.8181818181818182,1.0,False
-48.0,-38.0,-43.0,12,0.8239874989186802,0.7704299262663221,0.8359022163776536,0.7963603510182292,0.6474939778871089,0.8713148590473941,0.2597402597402597,0.998001998001998,False,0.8306121069171124,0.7585906729859317,0.8880713567386159,0.5684315684315684,1.0,False
-46.0,-36.0,-41.0,12,0.801672745096334,0.7568499473913867,0.8890384922212924,0.7946108108105514,0.6480765443487014,0.8720175276086027,0.45754245754245754,1.0,False,0.8296910021118691,0.755387190180265,0.8837641153163163,0.7892107892107892,1.0,False
-44.0,-34.0,-39.0,12,0.7995226858692288,0.7598553328465909,0.8957588799402452,0.7899995718942514,0.6533481819467393,0.8736786637734686,0.4255744255744256,1.0,False,0.8164805347532471,0.7518134576734159,0.8696071878395087,0.7032967032967034,1.0,False
-42.0,-32.0,-37.0,12,0.8025972241213533,0.7748629642005425,0.8605009537007584,0.7908216633825609,0.6586518555356022,0.8716911956187319,0.4035964035964036,1.0,False,0.8132399940258962,0.7480408960982547,0.8670429604799793,0.6343656343656343,1.0,False
-40.0,-30.0,-35.0,12,0.7943166408745579,0.747566929617199,0.835020389755348,0.790804260189258,0.6596147255676866,0.8750775418569399,0.4805194805194805,1.0,False,0.812485332796186,0.7417025481908852,0.865791159769408,0.7082917082917083,1.0,False
-38.0,-28.0,-33.0,12,0.8050285445802177,0.7553289156710183,0.8393454390849618,0.7906664579418339,0.6421930071192732,0.8718344186832792,0.3706293706293706,1.0,False,0.8091204280331172,0.7376967629064103,0.8635757183525138,0.5324675324675324,1.0,False
-36.0,-26.0,-31.0,12,0.7700442076456671,0.7279139950769132,0.8229155815264101,0.7944634276692601,0.6458353129301521,0.8774147082035425,0.6763236763236763,1.0,False,0.8137297498882177,0.7202407344999198,0.8717121164865147,0.8441558441558441,1.0,False
-34.0,-24.0,-29.0,12,0.7312766700802193,0.5594963659895811,0.7716357300334407,0.7949391416157268,0.6517450035496655,0.8739806430962193,0.8411588411588412,1.0,False,0.8007265261738382,0.7137631274892701,0.8680307115683635,0.9430569430569431,1.0,False
-32.0,-22.0,-27.0,12,0.7044777883866737,0.6619339718554501,0.7587816687681415,0.7945231035192706,0.6521971223570161,0.8694002417521369,0.9020979020979021,1.0,False,0.7843035383493296,0.6927917496080709,0.8524570846644295,0.954045954045954,1.0,False
-30.0,-20.0,-25.0,12,0.764358127611066,0.6991945966308349,0.8114887057305413,0.7940008075032934,0.6586750834213176,0.873225402465583,0.7172827172827173,1.0,False,0.8099094242820178,0.7353556311281677,0.8717329421205159,0.8901098901098901,1.0,False
-28.0,-18.0,-23.0,12,0.8116186964142047,0.7641862525134632,0.872021020342379,0.7927407292394568,0.6462206734389959,0.8729313665638199,0.34465534465534464,1.0,False,0.8112439855693266,0.7477709516239915,0.8765995139175632,0.4955044955044955,1.0,False
-26.0,-16.0,-21.0,12,0.773363551773443,0.6684399972644051,0.8565751088826241,0.7910663357461775,0.6498509260925024,0.8702436928859132,0.6363636363636364,1.0,False,0.7994713494132427,0.7213303481570488,0.8619728880539678,0.7932067932067932,1.0,False
-24.0,-14.0,-19.0,12,0.7973142194336987,0.7056894316912914,0.8419824596856851,0.7886293368665208,0.6551577984024645,0.8677271826551621,0.42157842157842157,1.0,False,0.779573037866958,0.6695900739589035,0.8485881888194501,0.31368631368631367,1.0,False
-22.0,-12.0,-17.0,12,0.8000005319268462,0.7655038011187539,0.8994438938982038,0.7919466444688783,0.646427690542243,0.8710906673270846,0.4245754245754246,1.0,False,0.7766083834264093,0.6392148845630714,0.8540716016214358,0.2827172827172827,1.0,False
-20.0,-10.0,-15.0,12,0.8570412384079422,0.7914877108059668,0.9084662592686168,0.7934809002817274,0.6478295439493527,0.8769863290641048,0.07592407592407592,0.9100899100899101,False,0.7761918441056767,0.6763140396930865,0.853063288752062,0.02097902097902098,0.5694305694305695,False
-18.0,-8.0,-13.0,12,0.8225238813975542,0.7914172514063859,0.8740175902735253,0.795442840806576,0.6462611118797579,0.8780882564486964,0.2827172827172827,0.999000999000999,False,0.7856168197147813,0.6943820298303639,0.8443032350222204,0.1108891108891109,0.998001998001998,False
-16.0,-6.0,-11.0,12,0.8352950985856746,0.7850930950308685,0.8783291634205019,0.7946954845410727,0.6475897682858847,0.8794063767016986,0.18681318681318682,0.994005994005994,False,0.7885257117487499,0.7237423006542346,0.844984434268942,0.04695304695304695,0.8841158841158842,False
-14.0,-4.0,-9.0,12,0.7952064255818079,0.7444862740109486,0.8801928721629799,0.7950056657764123,0.6551814825843046,0.8748929457935303,0.4995004995004995,1.0,False,0.7957162677067082,0.7159571241729297,0.8537673299087593,0.5094905094905094,1.0,False
-12.0,-2.0,-7.0,12,0.8091866174516882,0.7942103533307671,0.8580390567625735,0.7899169220775166,0.6394474513365905,0.8724311987955262,0.3596403596403596,1.0,False,0.803240446964626,0.7414147114746659,0.8517323710204838,0.4115884115884116,1.0,False
-10.0,0.0,-5.0,12,0.8052984704013275,0.7519924259161813,0.859152845974756,0.7922997963339541,0.6403597707674548,0.8768191880209828,0.41058941058941056,1.0,False,0.8069673159608404,0.7434778778343745,0.8558509044472408,0.5244755244755245,1.0,False
-8.0,2.0,-3.0,12,0.8137937628762035,0.7308272760486347,0.8368954987056325,0.7917625433861302,0.6511712194818401,0.8720469745479588,0.3096903096903097,1.0,False,0.8073589509612732,0.7584312565014657,0.851948511701829,0.3866133866133866,1.0,False
-6.0,4.0,-1.0,12,0.8215014080325531,0.7760004564141519,0.8610295728514697,0.7929412967217319,0.6497970819514733,0.8675507151198784,0.2837162837162837,0.998001998001998,False,0.8023008689827903,0.7616526072048854,0.843355285144516,0.18981018981018982,1.0,False
-4.0,6.0,1.0,12,0.8283526138237922,0.7453208322446531,0.8757720400004771,0.7946386721487229,0.6463894607621483,0.8762357276722336,0.22977022977022976,0.996003996003996,False,0.8001639888417773,0.7555311144387606,0.8393120304200837,0.07792207792207792,0.961038961038961,False
-2.0,8.0,3.0,12,0.826760367407266,0.7802505158869814,0.8560221956042727,0.7951737918678866,0.6540594080468214,0.8788803596791002,0.25274725274725274,0.997002997002997,False,0.7958221911548107,0.74408536178079,0.8385973891063392,0.08291708291708291,0.974025974025974,False
0.0,10.0,5.0,12,0.7985478074114891,0.761960653061146,0.8267728615891893,0.7978426134966974,0.6372874745074198,0.8770912175708974,0.4925074925074925,1.0,False,0.7917535428056099,0.7401641913052707,0.838052422344645,0.3866133866133866,1.0,False
2.0,12.0,7.0,12,0.8215005317695911,0.7890688498327207,0.8963178349743354,0.7924942898840921,0.6297788177922,0.8767051451194654,0.2907092907092907,0.999000999000999,False,0.7844899412239372,0.7324045534850561,0.8322877326866123,0.05194805194805195,0.8941058941058941,True
4.0,14.0,9.0,12,0.8460571809808264,0.8002026990531249,0.9065430246943369,0.7920533029949471,0.6469235618309367,0.8762409120591341,0.13286713286713286,0.9790209790209791,False,0.7915992117814878,0.7468362119094514,0.837284608340566,0.01098901098901099,0.14985014985014986,True
6.0,16.0,11.0,12,0.845516933174389,0.7918890565640265,0.9049061900089876,0.7935706598720865,0.6353268437896128,0.8788196752113965,0.13986013986013987,0.983016983016983,False,0.7964091502624254,0.7493300615352638,0.8402361927061124,0.017982017982017984,0.3036963036963037,True
8.0,18.0,13.0,12,0.8366436392148415,0.7996957899347258,0.9044890235564775,0.7922181167278494,0.6294877678774291,0.88097529907496,0.1878121878121878,0.9920079920079921,False,0.7976492373564117,0.7494574385093659,0.8405622338493274,0.03996003996003996,0.7902097902097902,True
10.0,20.0,15.0,12,0.8567185067292693,0.8089021736899871,0.906159224521572,0.7934234428493605,0.6387257013258139,0.876630034598501,0.0959040959040959,0.939060939060939,False,0.8004377375638592,0.7533892951945123,0.8434781551742268,0.006993006993006993,0.16083916083916083,True
