comparison,component,dataset,n,median_nats,median_bits,positive,sign_p_two_sided,wilcoxon_p_two_sided,ci95_low,ci95_high
fir_minus_retrained_unordered,event_contact_choice_nll,all,34,0.004989564418792836,0.007198419843188447,18,0.8641662404406816,0.4265116018941626,-0.0043016672134401635,0.016808748245239258
fir_minus_retrained_unordered,event_contact_choice_nll,epilepsiae,18,-0.0024254918098450817,-0.003499245005780296,7,0.480682373046875,0.6705245971679688,-0.018021345138549805,0.007863581180572399
fir_minus_retrained_unordered,event_contact_choice_nll,yuquan,16,0.01175069808959961,0.016952673860848772,11,0.210113525390625,0.104583740234375,-0.0024303793907165527,0.031140565872192383
fir_minus_retrained_unordered,event_contact_contribution_nll,all,34,0.003637254238128662,0.005247448651800586,18,0.8641662404406816,0.4567767282715067,-0.0041162967681884766,0.013069868087768999
fir_minus_retrained_unordered,event_contact_contribution_nll,epilepsiae,18,-0.0015541315078734241,-0.002242137819298276,7,0.480682373046875,0.5798416137695312,-0.01662558317184437,0.006436347961425781
fir_minus_retrained_unordered,event_contact_contribution_nll,yuquan,16,0.009701073169708252,0.013995690153239072,11,0.210113525390625,0.104583740234375,-0.000993490219116211,0.02929377555847168
fir_minus_retrained_unordered,event_continue_nll,all,34,0.008238546550273899,0.01188571025221303,18,0.8641662404406816,0.17912400187924504,-0.008674958720803202,0.0278153195977211
fir_minus_retrained_unordered,event_continue_nll,epilepsiae,18,0.0334194200113416,0.048214031519747916,16,0.001312255859375,0.0001068115234375,0.025665149092674283,0.052545454353094094
fir_minus_retrained_unordered,event_continue_nll,yuquan,16,-0.01660198904573915,-0.023951607265180766,2,0.004180908203125,0.001007080078125,-0.027297705411910997,-0.008216969668865204
fir_minus_retrained_unordered,event_stop_contribution_nll,all,34,-0.001066341996192946,-0.0015384063097992012,16,0.8641662404406816,0.6005140317138284,-0.005460876971483196,0.009093254804611206
fir_minus_retrained_unordered,event_stop_contribution_nll,epilepsiae,18,0.004832156002521487,0.006971327501639587,10,0.8145294189453125,0.4171142578125,-0.006642274558544117,0.0144843980669975
fir_minus_retrained_unordered,event_stop_contribution_nll,yuquan,16,-0.0019158124923705916,-0.002763933182016178,6,0.454498291015625,0.860260009765625,-0.007493704557418879,0.003085632063446727
fir_minus_retrained_unordered,event_terminal_stop_nll,all,34,-0.006337583065032848,-0.009143199659144768,17,1.0,0.9059782412368804,-0.17577540874481223,0.20675253868103027
fir_minus_retrained_unordered,event_terminal_stop_nll,epilepsiae,18,-0.2856946736574173,-0.41217028889394675,2,0.001312255859375,0.00128936767578125,-0.4496379792690277,-0.09460455179214472
fir_minus_retrained_unordered,event_terminal_stop_nll,yuquan,16,0.32149386405944835,0.4638176033547967,15,0.000518798828125,0.000213623046875,0.15667843818664573,0.40933865308761597
fir_minus_retrained_unordered,event_total_nll,all,34,-0.003516077995300182,-0.0050726282871983806,15,0.6075913612730801,0.8001492922194302,-0.011441171169281006,0.021317481994628906
fir_minus_retrained_unordered,event_total_nll,epilepsiae,18,-0.010280847549438366,-0.014832127775710182,7,0.480682373046875,0.550872802734375,-0.025795280933380016,0.020071208477020264
fir_minus_retrained_unordered,event_total_nll,yuquan,16,0.008597373962402344,0.012403388780225759,8,1.0,0.348388671875,-0.008954286575317383,0.030338048934936523
fir_minus_selected_linear,event_contact_choice_nll,all,34,-0.008425235748291016,-0.012155045832379863,13,0.22948101302608848,0.07811522763222456,-0.027678251266479492,0.007385969161986861
fir_minus_selected_linear,event_contact_choice_nll,epilepsiae,18,-0.019074499607086293,-0.027518685990581878,5,0.09625244140625,0.05385589599609375,-0.04655718803405717,0.00011396408081043585
fir_minus_selected_linear,event_contact_choice_nll,yuquan,16,0.0025637149810788795,0.003698658889455242,8,1.0,0.632171630859375,-0.022374987602233887,0.011569142341613992
fir_minus_selected_linear,event_contact_contribution_nll,all,34,-0.00781017541885376,-0.011267701345253203,13,0.22948101302608848,0.08113411313388497,-0.02545100450515758,0.007187366485595703
fir_minus_selected_linear,event_contact_contribution_nll,epilepsiae,18,-0.015338897705078347,-0.022129351651819635,5,0.09625244140625,0.05385589599609375,-0.04579657316207897,-0.0004658699035644531
fir_minus_selected_linear,event_contact_contribution_nll,yuquan,16,0.002666354179382213,0.0038467359518482807,8,1.0,0.632171630859375,-0.023256649076938845,0.008337020874023438
fir_minus_selected_linear,event_continue_nll,all,34,-0.00732925627380605,-0.010573881679624312,16,0.8641662404406816,0.8395236049545929,-0.015709340572357122,0.020809359848499312
fir_minus_selected_linear,event_continue_nll,epilepsiae,18,0.022018767893314403,0.03176636724616982,12,0.237884521484375,0.05385589599609375,-0.011006861925125108,0.0371396923437715
fir_minus_selected_linear,event_continue_nll,yuquan,16,-0.01643493305891755,-0.023710596421442433,4,0.076812744140625,0.065399169921875,-0.0303021315485239,-0.0009127426892519032
fir_minus_selected_linear,event_stop_contribution_nll,all,34,-0.004619076848030104,-0.006663919262138056,9,0.00904118549078703,0.006141410209238529,-0.01623263210058211,-0.0018310248851776123
fir_minus_selected_linear,event_stop_contribution_nll,epilepsiae,18,-0.015803754329681355,-0.022799997998858776,1,0.00014495849609375,0.00019073486328125,-0.024444520473480252,-0.003630742430687006
fir_minus_selected_linear,event_stop_contribution_nll,yuquan,16,0.0006254576146602492,0.0009023445989565817,8,1.0,0.899932861328125,-0.005486696958541898,0.003938257694244329
fir_minus_selected_linear,event_terminal_stop_nll,all,34,0.06466367840766907,0.09328996816438291,18,0.8641662404406816,0.9059782412368804,-0.16754209995269775,0.1391364336013794
fir_minus_selected_linear,event_terminal_stop_nll,epilepsiae,18,-0.13159573078155518,-0.18985250820070876,6,0.237884521484375,0.02367401123046875,-0.3846549987792969,0.06466367840766907
fir_minus_selected_linear,event_terminal_stop_nll,yuquan,16,0.23474913835525524,0.3386714177580839,12,0.076812744140625,0.0506591796875,0.023406624794006348,0.3791806697845459
fir_minus_selected_linear,event_total_nll,all,34,-0.023490428924560547,-0.03388952531781817,11,0.05761267291381955,0.0021831230260431767,-0.048679351806640625,-0.013763427734374778
fir_minus_selected_linear,event_total_nll,epilepsiae,18,-0.038566768169403076,-0.055640085181112145,2,0.001312255859375,0.00157928466796875,-0.06981122493743874,-0.020823121070861816
fir_minus_selected_linear,event_total_nll,yuquan,16,0.005300581455230602,0.007647122579289195,9,0.803619384765625,0.528167724609375,-0.04186058044433594,0.016381025314331055
retrained_minus_frozen_unordered,event_contact_choice_nll,all,34,0.004300951957702637,0.006204962060479273,20,0.39152830513194203,0.10122521140147,-0.0025544166564941406,0.010555982589722124
retrained_minus_frozen_unordered,event_contact_choice_nll,epilepsiae,18,0.0075907111167908825,0.010951081285014931,12,0.237884521484375,0.12973785400390625,-0.0040187835693359375,0.018062591552734375
retrained_minus_frozen_unordered,event_contact_choice_nll,yuquan,16,0.0006392598152162865,0.0009222569652521317,8,1.0,0.596588134765625,-0.004656553268432728,0.005779266357421875
retrained_minus_frozen_unordered,event_contact_contribution_nll,all,34,0.004022955894469993,0.005803898518666883,20,0.39152830513194203,0.0874475616728887,-0.002354860305786577,0.009909391403197798
retrained_minus_frozen_unordered,event_contact_contribution_nll,epilepsiae,18,0.006505072116851807,0.009384835283607174,12,0.237884521484375,0.11870574951171875,-0.0032581090927124023,0.014365613460540994
retrained_minus_frozen_unordered,event_contact_contribution_nll,yuquan,16,0.00046128034591674805,0.000665486867513638,8,1.0,0.596588134765625,-0.0033224821090699352,0.008052170276641846
retrained_minus_frozen_unordered,event_continue_nll,all,34,0.020012728869914995,0.028872264695281754,26,0.0029350556433200836,0.0001502245431765914,0.014450250379741222,0.027303099632263184
retrained_minus_frozen_unordered,event_continue_nll,epilepsiae,18,0.014828596264123944,0.021393142293596224,11,0.480682373046875,0.19638824462890625,-0.00939673557877545,0.02093550935387614
retrained_minus_frozen_unordered,event_continue_nll,yuquan,16,0.030508175492286703,0.04401399348929224,15,0.000518798828125,6.103515625e-05,0.019350126385688796,0.0484571419656277
retrained_minus_frozen_unordered,event_stop_contribution_nll,all,34,-0.0020241066813468517,-0.0029201686714093204,15,0.6075913612730801,0.5656447277870029,-0.007039308547973577,0.004458159208297702
retrained_minus_frozen_unordered,event_stop_contribution_nll,epilepsiae,18,-0.005488663911819472,-0.007918468206688171,6,0.237884521484375,0.6094589233398438,-0.00981399416923516,0.0098183155059815
retrained_minus_frozen_unordered,event_stop_contribution_nll,yuquan,16,0.0010267794132233082,0.0014813295675441466,9,0.803619384765625,1.0,-0.0061724483966827115,0.008486360311508095
retrained_minus_frozen_unordered,event_terminal_stop_nll,all,34,-0.24431857466697693,-0.35247719606910755,8,0.0029350556433200836,0.000290827127173543,-0.29959419369697593,-0.040173053741454634
retrained_minus_frozen_unordered,event_terminal_stop_nll,epilepsiae,18,-0.024626165628433228,-0.03552804702825086,7,0.480682373046875,0.468292236328125,-0.1581602841615677,0.06064137816429138
retrained_minus_frozen_unordered,event_terminal_stop_nll,yuquan,16,-0.32169646024704,-0.46410988786993823,1,0.000518798828125,6.103515625e-05,-0.5003746747970581,-0.2519354820251465
retrained_minus_frozen_unordered,event_total_nll,all,34,0.0030909180641175427,0.004459252162896494,18,0.8641662404406816,0.49889484921004623,-0.008790373802184726,0.016139745712280273
retrained_minus_frozen_unordered,event_total_nll,epilepsiae,18,0.010503649711608776,0.015153563350172771,11,0.480682373046875,0.6396942138671875,-0.016808748245239258,0.023754656314849854
retrained_minus_frozen_unordered,event_total_nll,yuquan,16,-0.0013376474380488723,-0.001929817325330935,7,0.803619384765625,0.781951904296875,-0.008303642272949219,0.013561248779296875
