count,arm,seed,status,n_returned_readable,n_distribution_events,mode_A_count,mode_B_count,ood_fraction_returned_readable,multishaft_fraction_distribution,scl_recruitment_fraction_distribution,mode_b_fraction,mode_proportion_js,natural_alignment,weak_mode_score,mean_mode_score,recruitment,precedence,profile,event_cloud
6,hand_dual_core,1561,OK,90,53,37,16,0.4111111111111111,0.6037735849056604,0.5235849056603774,0.3018867924528302,0.09485331899449961,0.8583333333333334,2.728477210603263,2.7139349120246585,1.9360408492086378,3.9442168662068964,2.643908787300412,2.331573145382688
6,hand_dual_core,1562,OK,90,53,28,25,0.4111111111111111,0.6226415094339622,0.5330188679245284,0.4716981132075472,0.026254766562360622,0.5666666666666667,2.5044049388386775,2.499457831876202,2.3491035684788297,2.9356149597356724,2.3420627274292256,2.371050071861081
6,hand_dual_core,1563,OK,87,54,29,25,0.3793103448275862,0.5370370370370371,0.4583333333333333,0.46296296296296297,0.028695261333458087,0.6274038461538461,2.9993378874559187,2.73906817713849,2.201075613430075,3.1419058286056267,2.6438277698319466,2.9694634966863136
6,hand_dual_core,1564,OK,90,61,38,23,0.32222222222222224,0.3770491803278688,0.3155737704918033,0.3770491803278688,0.058716944769862875,0.7916666666666667,3.5302890463352457,2.8528976253690224,2.4700652930707356,3.5952705016394653,2.314854401507971,3.0314003052579164
6,hand_dual_core,1565,OK,89,47,26,21,0.47191011235955055,0.5957446808510638,0.48404255319148937,0.44680851063829785,0.033498070659413945,0.5410256410256411,2.789707075023362,2.7092539635872974,2.3227455391997727,2.981466412677828,2.838509641901699,2.6942942605698903
6,hand_dual_core,1566,OK,85,52,35,17,0.38823529411764707,0.40384615384615385,0.30288461538461536,0.3269230769230769,0.08168772235603551,0.7777777777777777,3.5453992467221984,2.9986321274986203,2.4212437449020316,2.77090835037282,3.593569079912173,3.2088073348074566
6,hand_dual_core,1567,OK,75,52,23,29,0.30666666666666664,0.5,0.3894230769230769,0.5576923076923077,0.007974229709985889,0.6515151515151515,5.2228473184164255,3.409234401074718,2.6907300311094353,4.243631435128622,2.9911007668049603,3.7114753712558546
6,hand_dual_core,1568,OK,92,54,40,14,0.41304347826086957,0.5925925925925926,0.4305555555555556,0.25925925925925924,0.12018500796524066,0.7454545454545455,3.7934205333405937,3.2016430377039065,2.736802142021463,4.026148808034085,2.2053849593974224,3.8382362413626545
6,hand_dual_core,1569,OK,89,48,24,24,0.4606741573033708,0.4375,0.359375,0.5,0.019092127560847355,0.875,4.285560418491156,3.4981699741518306,3.4494173254077896,4.2296687656202385,2.451421441351807,3.862172364227486
6,hand_dual_core,1570,OK,86,60,27,33,0.3023255813953488,0.5166666666666667,0.42916666666666664,0.55,0.009187077606975846,0.9348739495798319,3.6138765970596083,2.999606187140217,2.7744122463112024,3.0323312268712446,2.2876821028301393,3.9039991725482808
6,hand_dual_core,1571,OK,80,52,21,31,0.35,0.5192307692307693,0.42788461538461536,0.5961538461538461,0.0031693623465243632,0.7583333333333333,3.198193965856708,3.1401846561237527,3.0890155045654284,3.544147518908727,2.150201721720527,3.7773738793003284
6,hand_dual_core,1572,OK,85,51,20,31,0.4,0.7058823529411765,0.5588235294117647,0.6078431372549019,0.002131300273887072,0.5523809523809524,3.5017377444355877,2.5471456908283057,2.372437208517101,3.304069779068663,1.705710274351362,2.806365501376097
6,continuous_free_field,1561,OK,84,45,13,32,0.4642857142857143,0.8,0.7,0.7111111111111111,0.0021710132751744556,0.8236363636363637,1.7481749970419411,1.3593539633947267,0.9166784831191945,1.8949276102223014,1.034547391392965,1.5912623688444456
6,continuous_free_field,1562,OK,81,49,14,35,0.3950617283950617,0.8571428571428571,0.7193877551020408,0.7142857142857143,0.0024572011375393332,0.575,1.3508547400203863,1.2495431497815326,1.0134769077578705,1.6174912331610636,1.1627932301739832,1.2044112280332135
6,continuous_free_field,1563,OK,74,47,18,29,0.36486486486486486,0.8085106382978723,0.6968085106382979,0.6170212765957447,0.0014570586684391606,0.6282051282051282,2.1383699951161175,1.6331510621437146,0.9155285736354446,2.725851164267821,1.3546514330675383,1.5365730776040547
6,continuous_free_field,1564,OK,74,46,18,28,0.3783783783783784,0.6956521739130435,0.625,0.6086956521739131,0.002063427310268248,0.548582995951417,1.6872316061830652,1.555357438303577,1.047088121283443,1.6781594693178992,1.8477130010040321,1.6484691616089338
6,continuous_free_field,1565,OK,82,52,9,43,0.36585365853658536,0.8269230769230769,0.6730769230769231,0.8269230769230769,0.02666486657020494,0.6349206349206349,1.8228207208877703,1.7426147378762924,1.56663467621767,2.1100064845784248,1.8421037955376924,1.4517139951713824
6,continuous_free_field,1566,OK,95,44,14,30,0.5368421052631579,0.9090909090909091,0.7613636363636364,0.6818181818181818,0.00038205382358591066,0.8276353276353277,3.978387601990358,3.244383867222874,3.461364532719855,4.050262742436772,2.2388401063251155,3.227068087409755
6,continuous_free_field,1567,OK,76,50,19,31,0.34210526315789475,0.8,0.665,0.62,0.0012651356834099316,0.5467032967032968,1.1583277895899302,1.1571296723930788,0.752426530382555,1.1770005503771703,1.5461949364967333,1.1528966723158565
6,continuous_free_field,1568,OK,76,49,19,30,0.35526315789473684,0.7346938775510204,0.6581632653061225,0.6122448979591837,0.0017923766761086812,0.5836120401337793,1.9836936940835639,1.8273417215782577,1.9223843595218129,1.9077796914691802,1.5543631140064935,1.9248397213155441
6,continuous_free_field,1569,OK,87,47,16,31,0.45977011494252873,0.7659574468085106,0.6808510638297872,0.6595744680851063,3.07995085391835e-07,0.6238095238095238,3.6705241689257506,2.079324395588074,2.0589643700799365,3.1200365212203733,1.4284074122474375,1.7098892788045486
6,continuous_free_field,1570,OK,84,49,17,32,0.4166666666666667,0.7755102040816326,0.6938775510204082,0.6530612244897959,4.068863205882985e-05,0.5323076923076924,1.5612215687896256,1.5609168741965516,1.4340256920192647,2.154898506968842,0.9837507526897079,1.670992545108391
6,continuous_free_field,1571,OK,96,49,24,25,0.4895833333333333,0.7755102040816326,0.6632653061224489,0.5102040816326531,0.01678642165851578,0.6578947368421053,2.0415367157008193,1.4459736874322389,0.8870857031952746,1.79915737504454,1.5714776249185172,1.5261740465706242
6,continuous_free_field,1572,OK,80,43,10,33,0.4625,0.8837209302325582,0.7383720930232558,0.7674418604651163,0.010199711595798466,0.7785714285714285,0.8817796105760715,0.7993897915849777,0.6024348239906232,0.8767416624595301,0.9826900784669843,0.7356926014227736
3,hand_dual_core,1561,OK,90,53,37,16,0.4111111111111111,0.6037735849056604,0.5235849056603774,0.3018867924528302,0.09485331899449961,0.8583333333333334,1.6262925427229264,1.3402330228143613,0.956989075884508,1.4339172512099534,1.5294393543636962,1.4405864097992875
3,hand_dual_core,1562,OK,90,53,28,25,0.4111111111111111,0.6226415094339622,0.5330188679245284,0.4716981132075472,0.026254766562360622,0.5666666666666667,1.6441922377444802,1.2715050842818412,1.0644068928334387,1.4599407369568733,1.1895506587904288,1.3721220485466232
3,hand_dual_core,1563,OK,87,54,29,25,0.3793103448275862,0.5370370370370371,0.4583333333333333,0.46296296296296297,0.028695261333458087,0.6274038461538461,1.770669244295083,1.522643900464384,1.5933924944212075,0.883704029325604,1.5935000739180585,2.019979004192666
3,hand_dual_core,1564,OK,90,61,38,23,0.32222222222222224,0.3770491803278688,0.3155737704918033,0.3770491803278688,0.058716944769862875,0.7916666666666667,3.681169301458257,3.3400026624187964,3.081261036944274,3.054897549408074,3.579663086527626,3.6441889767952107
3,hand_dual_core,1565,OK,89,47,26,21,0.47191011235955055,0.5957446808510638,0.48404255319148937,0.44680851063829785,0.033498070659413945,0.5410256410256411,0.7559063136833534,0.6247855796153152,0.5167496142650808,1.0101305523929631,0.4468868653588539,0.525375286444363
3,hand_dual_core,1566,OK,85,52,35,17,0.38823529411764707,0.40384615384615385,0.30288461538461536,0.3269230769230769,0.08168772235603551,0.7777777777777777,1.544622558587539,1.5302667252507929,1.3093318251227362,0.9980283268531345,1.5340970287504028,2.279609720276899
3,hand_dual_core,1567,OK,75,52,23,29,0.30666666666666664,0.5,0.3894230769230769,0.5576923076923077,0.007974229709985889,0.6515151515151515,1.5297636779250632,1.5289235180799456,1.4273199028940051,1.4171525819840092,1.2108622068459725,2.060359380595796
3,hand_dual_core,1568,OK,92,54,40,14,0.41304347826086957,0.5925925925925926,0.4305555555555556,0.25925925925925924,0.12018500796524066,0.7454545454545455,1.920829814838985,1.4968463852948233,1.629983300179764,1.376875937991554,1.4496286432837717,1.5308976597242043
3,hand_dual_core,1569,OK,89,48,24,24,0.4606741573033708,0.4375,0.359375,0.5,0.019092127560847355,0.875,3.405850366837112,3.247264778075899,3.5748761434281358,3.131436881061803,2.3956078471755204,3.8871382406381363
3,hand_dual_core,1570,OK,86,60,27,33,0.3023255813953488,0.5166666666666667,0.42916666666666664,0.55,0.009187077606975846,0.9348739495798319,3.2085909789388136,2.099580130362785,1.8654089048679299,1.8084154684803424,2.1350885384138394,2.589407609689028
3,hand_dual_core,1571,OK,80,52,21,31,0.35,0.5192307692307693,0.42788461538461536,0.5961538461538461,0.0031693623465243632,0.7583333333333333,2.588567720634999,1.656642929588953,1.1247925075314422,1.428574653436707,2.1665038306552127,1.906700726732451
3,hand_dual_core,1572,OK,85,51,20,31,0.4,0.7058823529411765,0.5588235294117647,0.6078431372549019,0.002131300273887072,0.5523809523809524,1.2122606304698862,1.0017527328844895,0.8865811732631469,1.0127827846998003,0.7840076878236222,1.3236392857513888
3,continuous_free_field,1561,OK,84,45,13,32,0.4642857142857143,0.8,0.7,0.7111111111111111,0.0021710132751744556,0.8236363636363637,1.9077162081621086,1.7134059832405022,1.7098741573383864,2.0276643993511234,1.4523482650952317,1.6637371111772672
3,continuous_free_field,1562,OK,81,49,14,35,0.3950617283950617,0.8571428571428571,0.7193877551020408,0.7142857142857143,0.0024572011375393332,0.575,0.9872853407249432,0.9558401059059265,0.6943665738162857,0.9970561608428692,1.2159482301780078,0.9159894587865434
3,continuous_free_field,1563,OK,74,47,18,29,0.36486486486486486,0.8085106382978723,0.6968085106382979,0.6170212765957447,0.0014570586684391606,0.6282051282051282,1.8636880998462677,1.5459407456639744,1.3618805231671214,1.7984922826626288,1.2413445203524542,1.782045656473694
3,continuous_free_field,1564,OK,74,46,18,28,0.3783783783783784,0.6956521739130435,0.625,0.6086956521739131,0.002063427310268248,0.548582995951417,2.813437737942998,2.173105904659606,1.6691915420741306,2.2604034017782713,2.5365387736088407,2.226289901177181
3,continuous_free_field,1565,OK,82,52,9,43,0.36585365853658536,0.8269230769230769,0.6730769230769231,0.8269230769230769,0.02666486657020494,0.6349206349206349,0.6839640937578082,0.6832202391620552,0.362807859923183,0.7478752906838817,0.9616725922327527,0.6605252138084036
3,continuous_free_field,1566,OK,95,44,14,30,0.5368421052631579,0.9090909090909091,0.7613636363636364,0.6818181818181818,0.00038205382358591066,0.8276353276353277,2.4064511656172827,1.9645349697095678,2.115291767214143,2.199404959199946,1.2249196880760767,2.3185234643481065
3,continuous_free_field,1567,OK,76,50,19,31,0.34210526315789475,0.8,0.665,0.62,0.0012651356834099316,0.5467032967032968,2.1288307824837864,1.9359981444026686,1.8890818650768568,1.2454667349620796,2.5589246158035164,2.050519361768222
3,continuous_free_field,1568,OK,76,49,19,30,0.35526315789473684,0.7346938775510204,0.6581632653061225,0.6122448979591837,0.0017923766761086812,0.5836120401337793,2.05221767135861,1.3806005523323164,0.5587328849766272,1.7759881279106882,1.749717456647383,1.4379637397945675
3,continuous_free_field,1569,OK,87,47,16,31,0.45977011494252873,0.7659574468085106,0.6808510638297872,0.6595744680851063,3.07995085391835e-07,0.6238095238095238,1.1039028598516674,0.9351227323884639,0.4327962526984733,1.2464656959803304,1.274275626642979,0.7869533542320728
3,continuous_free_field,1570,OK,84,49,17,32,0.4166666666666667,0.7755102040816326,0.6938775510204082,0.6530612244897959,4.068863205882985e-05,0.5323076923076924,2.1737489854363243,1.7163870246468744,0.8779600684110889,2.238305274504185,1.9516055271960764,1.7976772284761475
3,continuous_free_field,1571,OK,96,49,24,25,0.4895833333333333,0.7755102040816326,0.6632653061224489,0.5102040816326531,0.01678642165851578,0.6578947368421053,1.149578969646688,0.9804706365261728,0.773316586798666,1.271331288823537,0.8007546103510033,1.0764800601314857
3,continuous_free_field,1572,OK,80,43,10,33,0.4625,0.8837209302325582,0.7383720930232558,0.7674418604651163,0.010199711595798466,0.7785714285714285,1.5232368317906446,1.3000301216287733,1.0120285574786334,0.9375497254860877,1.9275353245678628,1.3230068789825085
