fork_index,z,alpha_G,w_ee_mult,ratio,phase_id,phase_fraction,history,perturbation_family,off_orbit,screen_status,screen_classification,screen_tail_mean_hz,screen_frequency_hz,screen_direct_exact_pass,confirm_status,confirm_classification,confirm_tail_mean_hz,confirm_frequency_hz,confirm_amplitude_hz,confirm_direct_exact_pass,dt_half_classification,dt_half_tail_mean_hz,dt_half_frequency_hz,dt_half_amplitude_hz,dt_half_direct_exact_pass,final_status,strict_confirm_dt_half_gate,dt_half_rate_abs_difference_hz,dt_half_frequency_abs_difference_hz,dt_half_amplitude_abs_difference_hz
0,0.84,15.0,1.1,1.0,phase_000,0.0,phase_anchor,anchor,False,numerical_unresolved,bounded_indeterminate,6.145267101552187,1.6632016632016986,True,,,,,,,,,,,,numerical_unresolved,,,,
1,0.84,15.0,1.1,1.0,phase_000,0.0,fast_plus,fast,True,numerical_unresolved,bounded_indeterminate,6.145057371665536,1.6632016632016986,True,,,,,,,,,,,,numerical_unresolved,,,,
2,0.84,15.0,1.1,1.0,phase_000,0.0,fast_minus,fast,True,numerical_unresolved,bounded_indeterminate,6.145997446264177,1.6632016632016986,True,,,,,,,,,,,,numerical_unresolved,,,,
3,0.84,15.0,1.1,1.0,phase_000,0.0,pool_plus,pool,True,numerical_unresolved,bounded_indeterminate,6.145345841148644,1.6632016632016986,True,,,,,,,,,,,,numerical_unresolved,,,,
4,0.84,15.0,1.1,1.0,phase_000,0.0,pool_minus,pool,True,numerical_unresolved,bounded_indeterminate,6.145185295767354,1.6632016632016986,True,,,,,,,,,,,,numerical_unresolved,,,,
5,0.84,15.0,1.1,1.0,phase_025,0.25,phase_anchor,anchor,False,numerical_unresolved,indeterminate_long_transient,6.240413720676435,1.6632016632016986,True,,,,,,,,,,,,numerical_unresolved,,,,
6,0.84,15.0,1.1,1.0,phase_025,0.25,fast_plus,fast,True,numerical_unresolved,indeterminate_long_transient,6.240413709664175,1.6632016632016986,True,,,,,,,,,,,,numerical_unresolved,,,,
7,0.84,15.0,1.1,1.0,phase_025,0.25,fast_minus,fast,True,numerical_unresolved,indeterminate_long_transient,6.240413743971601,1.6632016632016986,True,,,,,,,,,,,,numerical_unresolved,,,,
8,0.84,15.0,1.1,1.0,phase_025,0.25,pool_plus,pool,True,numerical_unresolved,indeterminate_long_transient,6.231974338165827,1.6632016632016986,True,,,,,,,,,,,,numerical_unresolved,,,,
9,0.84,15.0,1.1,1.0,phase_025,0.25,pool_minus,pool,True,numerical_unresolved,indeterminate_long_transient,6.249963737062901,1.6632016632016986,True,,,,,,,,,,,,numerical_unresolved,,,,
10,0.84,15.0,1.1,1.0,phase_050,0.5,phase_anchor,anchor,False,numerical_unresolved,indeterminate_long_transient,7.445053613489095,1.6632016632016986,True,,,,,,,,,,,,numerical_unresolved,,,,
11,0.84,15.0,1.1,1.0,phase_050,0.5,fast_plus,fast,True,numerical_unresolved,indeterminate_long_transient,7.445053296856361,1.6632016632016986,True,,,,,,,,,,,,numerical_unresolved,,,,
12,0.84,15.0,1.1,1.0,phase_050,0.5,fast_minus,fast,True,numerical_unresolved,indeterminate_long_transient,7.445053802270698,1.6632016632016986,True,,,,,,,,,,,,numerical_unresolved,,,,
13,0.84,15.0,1.1,1.0,phase_050,0.5,pool_plus,pool,True,numerical_unresolved,indeterminate_long_transient,7.448351455527104,1.6632016632016986,True,,,,,,,,,,,,numerical_unresolved,,,,
14,0.84,15.0,1.1,1.0,phase_050,0.5,pool_minus,pool,True,numerical_unresolved,indeterminate_long_transient,7.436308231731885,1.6632016632016986,True,,,,,,,,,,,,numerical_unresolved,,,,
15,0.84,15.0,1.1,1.0,phase_075,0.75,phase_anchor,anchor,False,numerical_unresolved,indeterminate_long_transient,6.131791300939013,1.6632016632016986,True,,,,,,,,,,,,numerical_unresolved,,,,
16,0.84,15.0,1.1,1.0,phase_075,0.75,fast_plus,fast,True,numerical_unresolved,indeterminate_long_transient,6.1314831098895946,1.6632016632016986,True,,,,,,,,,,,,numerical_unresolved,,,,
17,0.84,15.0,1.1,1.0,phase_075,0.75,fast_minus,fast,True,numerical_unresolved,bounded_indeterminate,6.132299342304527,1.6632016632016986,True,,,,,,,,,,,,numerical_unresolved,,,,
18,0.84,15.0,1.1,1.0,phase_075,0.75,pool_plus,pool,True,numerical_unresolved,indeterminate_long_transient,6.131434877158148,1.6632016632016986,True,,,,,,,,,,,,numerical_unresolved,,,,
19,0.84,15.0,1.1,1.0,phase_075,0.75,pool_minus,pool,True,numerical_unresolved,bounded_indeterminate,6.132365658679849,1.6632016632016986,True,,,,,,,,,,,,numerical_unresolved,,,,
20,0.84,16.0,1.1,1.0,phase_000,0.0,phase_anchor,anchor,False,numerical_unresolved,bounded_indeterminate,6.015067620579494,1.6632016632016986,True,,,,,,,,,,,,numerical_unresolved,,,,
21,0.84,16.0,1.1,1.0,phase_000,0.0,fast_plus,fast,True,numerical_unresolved,bounded_indeterminate,6.023047569054402,1.6632016632016986,True,,,,,,,,,,,,numerical_unresolved,,,,
22,0.84,16.0,1.1,1.0,phase_000,0.0,fast_minus,fast,True,numerical_unresolved,bounded_indeterminate,6.01536773365202,1.6632016632016986,True,,,,,,,,,,,,numerical_unresolved,,,,
23,0.84,16.0,1.1,1.0,phase_000,0.0,pool_plus,pool,True,numerical_unresolved,bounded_indeterminate,6.014431929208528,1.6632016632016986,True,,,,,,,,,,,,numerical_unresolved,,,,
24,0.84,16.0,1.1,1.0,phase_000,0.0,pool_minus,pool,True,numerical_unresolved,bounded_indeterminate,6.016035027728898,1.6632016632016986,True,,,,,,,,,,,,numerical_unresolved,,,,
25,0.84,16.0,1.1,1.0,phase_025,0.25,phase_anchor,anchor,False,numerical_unresolved,indeterminate_long_transient,6.059099048310252,1.6632016632016986,True,,,,,,,,,,,,numerical_unresolved,,,,
26,0.84,16.0,1.1,1.0,phase_025,0.25,fast_plus,fast,True,numerical_unresolved,indeterminate_long_transient,6.059099042622601,1.6632016632016986,True,,,,,,,,,,,,numerical_unresolved,,,,
27,0.84,16.0,1.1,1.0,phase_025,0.25,fast_minus,fast,True,numerical_unresolved,indeterminate_long_transient,6.059099042501587,1.6632016632016986,True,,,,,,,,,,,,numerical_unresolved,,,,
28,0.84,16.0,1.1,1.0,phase_025,0.25,pool_plus,pool,True,numerical_unresolved,indeterminate_long_transient,6.0663731058255,1.6632016632016986,True,,,,,,,,,,,,numerical_unresolved,,,,
29,0.84,16.0,1.1,1.0,phase_025,0.25,pool_minus,pool,True,numerical_unresolved,indeterminate_long_transient,6.070061049979808,1.6632016632016986,True,,,,,,,,,,,,numerical_unresolved,,,,
30,0.84,16.0,1.1,1.0,phase_050,0.5,phase_anchor,anchor,False,numerical_unresolved,indeterminate_long_transient,7.325148525352061,1.6632016632016986,True,,,,,,,,,,,,numerical_unresolved,,,,
31,0.84,16.0,1.1,1.0,phase_050,0.5,fast_plus,fast,True,numerical_unresolved,indeterminate_long_transient,7.325148828370737,1.6632016632016986,True,,,,,,,,,,,,numerical_unresolved,,,,
32,0.84,16.0,1.1,1.0,phase_050,0.5,fast_minus,fast,True,numerical_unresolved,indeterminate_long_transient,7.32514883478447,1.6632016632016986,True,,,,,,,,,,,,numerical_unresolved,,,,
33,0.84,16.0,1.1,1.0,phase_050,0.5,pool_plus,pool,True,numerical_unresolved,indeterminate_long_transient,7.338515799052107,1.6632016632016986,True,,,,,,,,,,,,numerical_unresolved,,,,
34,0.84,16.0,1.1,1.0,phase_050,0.5,pool_minus,pool,True,numerical_unresolved,indeterminate_long_transient,7.335924298568821,1.6632016632016986,True,,,,,,,,,,,,numerical_unresolved,,,,
35,0.84,16.0,1.1,1.0,phase_075,0.75,phase_anchor,anchor,False,numerical_unresolved,indeterminate_long_transient,6.0146142591397025,1.6632016632016986,True,,,,,,,,,,,,numerical_unresolved,,,,
36,0.84,16.0,1.1,1.0,phase_075,0.75,fast_plus,fast,True,numerical_unresolved,indeterminate_long_transient,6.010358465913869,1.6632016632016986,True,,,,,,,,,,,,numerical_unresolved,,,,
37,0.84,16.0,1.1,1.0,phase_075,0.75,fast_minus,fast,True,numerical_unresolved,indeterminate_long_transient,6.017689462562369,1.6632016632016986,True,,,,,,,,,,,,numerical_unresolved,,,,
38,0.84,16.0,1.1,1.0,phase_075,0.75,pool_plus,pool,True,numerical_unresolved,indeterminate_long_transient,6.007657468530955,1.6632016632016986,True,,,,,,,,,,,,numerical_unresolved,,,,
39,0.84,16.0,1.1,1.0,phase_075,0.75,pool_minus,pool,True,numerical_unresolved,indeterminate_long_transient,6.014312336305079,1.6632016632016986,True,,,,,,,,,,,,numerical_unresolved,,,,
40,0.84,17.0,1.1,1.0,phase_000,0.0,phase_anchor,anchor,False,numerical_unresolved,bounded_indeterminate,5.903841167196569,1.6632016632016986,True,,,,,,,,,,,,numerical_unresolved,,,,
41,0.84,17.0,1.1,1.0,phase_000,0.0,fast_plus,fast,True,numerical_unresolved,bounded_indeterminate,5.9044952679201845,1.6632016632016986,True,,,,,,,,,,,,numerical_unresolved,,,,
42,0.84,17.0,1.1,1.0,phase_000,0.0,fast_minus,fast,True,numerical_unresolved,bounded_indeterminate,5.9052782856037345,1.6632016632016986,True,,,,,,,,,,,,numerical_unresolved,,,,
43,0.84,17.0,1.1,1.0,phase_000,0.0,pool_plus,pool,True,numerical_unresolved,bounded_indeterminate,5.90391416952649,1.6632016632016986,True,,,,,,,,,,,,numerical_unresolved,,,,
44,0.84,17.0,1.1,1.0,phase_000,0.0,pool_minus,pool,True,numerical_unresolved,bounded_indeterminate,5.903782319130372,1.6632016632016986,True,,,,,,,,,,,,numerical_unresolved,,,,
45,0.84,17.0,1.1,1.0,phase_025,0.25,phase_anchor,anchor,False,numerical_unresolved,indeterminate_long_transient,5.932624332435921,1.6632016632016986,True,,,,,,,,,,,,numerical_unresolved,,,,
46,0.84,17.0,1.1,1.0,phase_025,0.25,fast_plus,fast,True,numerical_unresolved,indeterminate_long_transient,5.932624332435921,1.6632016632016986,True,,,,,,,,,,,,numerical_unresolved,,,,
47,0.84,17.0,1.1,1.0,phase_025,0.25,fast_minus,fast,True,numerical_unresolved,indeterminate_long_transient,5.932624332435921,1.6632016632016986,True,,,,,,,,,,,,numerical_unresolved,,,,
48,0.84,17.0,1.1,1.0,phase_025,0.25,pool_plus,pool,True,numerical_unresolved,indeterminate_long_transient,5.934039992244,1.6632016632016986,True,,,,,,,,,,,,numerical_unresolved,,,,
49,0.84,17.0,1.1,1.0,phase_025,0.25,pool_minus,pool,True,numerical_unresolved,indeterminate_long_transient,5.93579488460569,1.6632016632016986,True,,,,,,,,,,,,numerical_unresolved,,,,
50,0.84,17.0,1.1,1.0,phase_050,0.5,phase_anchor,anchor,False,numerical_unresolved,indeterminate_long_transient,7.167801033563161,1.6632016632016986,True,,,,,,,,,,,,numerical_unresolved,,,,
51,0.84,17.0,1.1,1.0,phase_050,0.5,fast_plus,fast,True,numerical_unresolved,indeterminate_long_transient,7.167800551867538,1.6632016632016986,True,,,,,,,,,,,,numerical_unresolved,,,,
52,0.84,17.0,1.1,1.0,phase_050,0.5,fast_minus,fast,True,numerical_unresolved,indeterminate_long_transient,7.167802026421277,1.6632016632016986,True,,,,,,,,,,,,numerical_unresolved,,,,
53,0.84,17.0,1.1,1.0,phase_050,0.5,pool_plus,pool,True,numerical_unresolved,indeterminate_long_transient,7.162858943455889,1.6632016632016986,True,,,,,,,,,,,,numerical_unresolved,,,,
54,0.84,17.0,1.1,1.0,phase_050,0.5,pool_minus,pool,True,numerical_unresolved,indeterminate_long_transient,7.173873795563812,1.6632016632016986,True,,,,,,,,,,,,numerical_unresolved,,,,
55,0.84,17.0,1.1,1.0,phase_075,0.75,phase_anchor,anchor,False,numerical_unresolved,indeterminate_long_transient,5.916069610068079,1.6632016632016986,True,,,,,,,,,,,,numerical_unresolved,,,,
56,0.84,17.0,1.1,1.0,phase_075,0.75,fast_plus,fast,True,numerical_unresolved,indeterminate_long_transient,5.918175434299673,1.6632016632016986,True,,,,,,,,,,,,numerical_unresolved,,,,
57,0.84,17.0,1.1,1.0,phase_075,0.75,fast_minus,fast,True,numerical_unresolved,indeterminate_long_transient,5.914383527511545,1.6632016632016986,True,,,,,,,,,,,,numerical_unresolved,,,,
58,0.84,17.0,1.1,1.0,phase_075,0.75,pool_plus,pool,True,numerical_unresolved,indeterminate_long_transient,5.920121699170812,1.6632016632016986,True,,,,,,,,,,,,numerical_unresolved,,,,
59,0.84,17.0,1.1,1.0,phase_075,0.75,pool_minus,pool,True,numerical_unresolved,indeterminate_long_transient,5.914173607209604,1.6632016632016986,True,,,,,,,,,,,,numerical_unresolved,,,,
60,0.85,15.0,1.1,1.0,phase_000,0.0,phase_anchor,anchor,False,numerical_unresolved,indeterminate_long_transient,6.148400191767548,1.6632016632016986,True,,,,,,,,,,,,numerical_unresolved,,,,
61,0.85,15.0,1.1,1.0,phase_000,0.0,fast_plus,fast,True,numerical_unresolved,indeterminate_long_transient,6.149483795929797,1.6632016632016986,True,,,,,,,,,,,,numerical_unresolved,,,,
62,0.85,15.0,1.1,1.0,phase_000,0.0,fast_minus,fast,True,numerical_unresolved,indeterminate_long_transient,6.145458595257004,1.6632016632016986,True,,,,,,,,,,,,numerical_unresolved,,,,
63,0.85,15.0,1.1,1.0,phase_000,0.0,pool_plus,pool,True,numerical_unresolved,indeterminate_long_transient,6.148076051698026,1.6632016632016986,True,,,,,,,,,,,,numerical_unresolved,,,,
64,0.85,15.0,1.1,1.0,phase_000,0.0,pool_minus,pool,True,numerical_unresolved,indeterminate_long_transient,6.148735221086667,1.6632016632016986,True,,,,,,,,,,,,numerical_unresolved,,,,
65,0.85,15.0,1.1,1.0,phase_025,0.25,phase_anchor,anchor,False,numerical_unresolved,indeterminate_long_transient,6.166542679354115,1.6632016632016986,True,,,,,,,,,,,,numerical_unresolved,,,,
66,0.85,15.0,1.1,1.0,phase_025,0.25,fast_plus,fast,True,numerical_unresolved,indeterminate_long_transient,6.166542672456325,1.6632016632016986,True,,,,,,,,,,,,numerical_unresolved,,,,
67,0.85,15.0,1.1,1.0,phase_025,0.25,fast_minus,fast,True,numerical_unresolved,indeterminate_long_transient,6.1665426802012115,1.6632016632016986,True,,,,,,,,,,,,numerical_unresolved,,,,
68,0.85,15.0,1.1,1.0,phase_025,0.25,pool_plus,pool,True,numerical_unresolved,indeterminate_long_transient,6.165412773357379,1.6632016632016986,True,,,,,,,,,,,,numerical_unresolved,,,,
69,0.85,15.0,1.1,1.0,phase_025,0.25,pool_minus,pool,True,numerical_unresolved,indeterminate_long_transient,6.165919544016981,1.6632016632016986,True,,,,,,,,,,,,numerical_unresolved,,,,
70,0.85,15.0,1.1,1.0,phase_050,0.5,phase_anchor,anchor,False,candidate_survives,bounded_oscillatory_candidate,6.168219394591713,1.6632016632016986,True,candidate_survives,bounded_oscillatory_candidate,6.090003576119736,1.6657990629883586,95.6120356277097,True,bounded_oscillatory_candidate,6.048933165918145,1.6657990629883586,96.95479503716342,True,candidate_survives,"{'legacy_temporal_gate_candidate': True, 'rate_difference_hz': 0.0410704102015913, 'rate_limit_hz': 1.0, 'rate_pass': True, 'frequency_difference_hz': 0.0, 'frequency_limit_hz': 0.25, 'frequency_abs_floor_hz': 0.25, 'frequency_relative_fraction': 0.1, 'frequency_pass': True, 'amplitude_difference_hz': 1.3427594094537199, 'amplitude_limit_hz': 9.628341533243656, 'amplitude_pass': True, 'strict_gate_pass': True}",0.0410704102015913,0.0,1.3427594094537199
71,0.85,15.0,1.1,1.0,phase_050,0.5,fast_plus,fast,True,candidate_survives,bounded_oscillatory_candidate,6.168219584038892,1.6632016632016986,True,candidate_survives,bounded_oscillatory_candidate,6.090004176679778,1.6657990629883586,95.61238580499776,True,bounded_oscillatory_candidate,6.048933167069571,1.6657990629883586,96.95472798193805,True,candidate_survives,"{'legacy_temporal_gate_candidate': True, 'rate_difference_hz': 0.04107100961020649, 'rate_limit_hz': 1.0, 'rate_pass': True, 'frequency_difference_hz': 0.0, 'frequency_limit_hz': 0.25, 'frequency_abs_floor_hz': 0.25, 'frequency_relative_fraction': 0.1, 'frequency_pass': True, 'amplitude_difference_hz': 1.3423421769402921, 'amplitude_limit_hz': 9.62835568934679, 'amplitude_pass': True, 'strict_gate_pass': True}",0.04107100961020649,0.0,1.3423421769402921
72,0.85,15.0,1.1,1.0,phase_050,0.5,fast_minus,fast,True,candidate_survives,bounded_oscillatory_candidate,6.168219044317129,1.6632016632016986,True,candidate_survives,bounded_oscillatory_candidate,6.090002346759394,1.6657990629883586,95.61131289228797,True,bounded_oscillatory_candidate,6.0489331536918085,1.6657990629883586,96.95492169703357,True,candidate_survives,"{'legacy_temporal_gate_candidate': True, 'rate_difference_hz': 0.041069193067585275, 'rate_limit_hz': 1.0, 'rate_pass': True, 'frequency_difference_hz': 0.0, 'frequency_limit_hz': 0.25, 'frequency_abs_floor_hz': 0.25, 'frequency_relative_fraction': 0.1, 'frequency_pass': True, 'amplitude_difference_hz': 1.3436088047455996, 'amplitude_limit_hz': 9.628311729466077, 'amplitude_pass': True, 'strict_gate_pass': True}",0.041069193067585275,0.0,1.3436088047455996
73,0.85,15.0,1.1,1.0,phase_050,0.5,pool_plus,pool,True,candidate_survives,bounded_oscillatory_candidate,6.167120597685402,1.6632016632016986,True,candidate_survives,bounded_oscillatory_candidate,6.093577399524705,1.6657990629883586,97.77036268496886,True,bounded_oscillatory_candidate,6.048956116538287,1.6657990629883586,97.01799697359093,True,candidate_survives,"{'legacy_temporal_gate_candidate': True, 'rate_difference_hz': 0.044621282986417654, 'rate_limit_hz': 1.0, 'rate_pass': True, 'frequency_difference_hz': 0.0, 'frequency_limit_hz': 0.25, 'frequency_abs_floor_hz': 0.25, 'frequency_relative_fraction': 0.1, 'frequency_pass': True, 'amplitude_difference_hz': 0.7523657113779336, 'amplitude_limit_hz': 9.73941798292799, 'amplitude_pass': True, 'strict_gate_pass': True}",0.044621282986417654,0.0,0.7523657113779336
74,0.85,15.0,1.1,1.0,phase_050,0.5,pool_minus,pool,True,candidate_survives,bounded_oscillatory_candidate,6.166587060577819,1.6632016632016986,True,candidate_survives,bounded_oscillatory_candidate,6.09261349915856,1.6657990629883586,97.77060110354796,True,bounded_oscillatory_candidate,6.048950011203092,1.6657990629883586,96.93428367609158,True,candidate_survives,"{'legacy_temporal_gate_candidate': True, 'rate_difference_hz': 0.043663487955467595, 'rate_limit_hz': 1.0, 'rate_pass': True, 'frequency_difference_hz': 0.0, 'frequency_limit_hz': 0.25, 'frequency_abs_floor_hz': 0.25, 'frequency_relative_fraction': 0.1, 'frequency_pass': True, 'amplitude_difference_hz': 0.8363174274563789, 'amplitude_limit_hz': 9.735244238981977, 'amplitude_pass': True, 'strict_gate_pass': True}",0.043663487955467595,0.0,0.8363174274563789
75,0.85,15.0,1.1,1.0,phase_075,0.75,phase_anchor,anchor,False,numerical_unresolved,indeterminate_long_transient,6.165468201209189,1.6632016632016986,True,,,,,,,,,,,,numerical_unresolved,,,,
76,0.85,15.0,1.1,1.0,phase_075,0.75,fast_plus,fast,True,numerical_unresolved,indeterminate_long_transient,6.165782172424552,1.6632016632016986,True,,,,,,,,,,,,numerical_unresolved,,,,
77,0.85,15.0,1.1,1.0,phase_075,0.75,fast_minus,fast,True,numerical_unresolved,indeterminate_long_transient,6.164133394806957,1.6632016632016986,True,,,,,,,,,,,,numerical_unresolved,,,,
78,0.85,15.0,1.1,1.0,phase_075,0.75,pool_plus,pool,True,numerical_unresolved,indeterminate_long_transient,6.16290382585893,1.6632016632016986,True,,,,,,,,,,,,numerical_unresolved,,,,
79,0.85,15.0,1.1,1.0,phase_075,0.75,pool_minus,pool,True,numerical_unresolved,indeterminate_long_transient,6.162093033440016,1.6632016632016986,True,,,,,,,,,,,,numerical_unresolved,,,,
80,0.85,16.0,1.1,1.0,phase_000,0.0,phase_anchor,anchor,False,numerical_unresolved,indeterminate_long_transient,6.029030958758358,1.6632016632016986,True,,,,,,,,,,,,numerical_unresolved,,,,
81,0.85,16.0,1.1,1.0,phase_000,0.0,fast_plus,fast,True,numerical_unresolved,indeterminate_long_transient,6.029548603601332,1.6632016632016986,True,,,,,,,,,,,,numerical_unresolved,,,,
82,0.85,16.0,1.1,1.0,phase_000,0.0,fast_minus,fast,True,numerical_unresolved,indeterminate_long_transient,6.021925454292245,1.6632016632016986,True,,,,,,,,,,,,numerical_unresolved,,,,
83,0.85,16.0,1.1,1.0,phase_000,0.0,pool_plus,pool,True,numerical_unresolved,indeterminate_long_transient,6.02838303276634,1.6632016632016986,True,,,,,,,,,,,,numerical_unresolved,,,,
84,0.85,16.0,1.1,1.0,phase_000,0.0,pool_minus,pool,True,numerical_unresolved,indeterminate_long_transient,6.029654195565603,1.6632016632016986,True,,,,,,,,,,,,numerical_unresolved,,,,
85,0.85,16.0,1.1,1.0,phase_025,0.25,phase_anchor,anchor,False,numerical_unresolved,indeterminate_long_transient,6.0109171103695775,1.6632016632016986,True,,,,,,,,,,,,numerical_unresolved,,,,
86,0.85,16.0,1.1,1.0,phase_025,0.25,fast_plus,fast,True,numerical_unresolved,indeterminate_long_transient,6.010917094819298,1.6632016632016986,True,,,,,,,,,,,,numerical_unresolved,,,,
87,0.85,16.0,1.1,1.0,phase_025,0.25,fast_minus,fast,True,numerical_unresolved,indeterminate_long_transient,6.0109171103695775,1.6632016632016986,True,,,,,,,,,,,,numerical_unresolved,,,,
88,0.85,16.0,1.1,1.0,phase_025,0.25,pool_plus,pool,True,numerical_unresolved,indeterminate_long_transient,6.007180591377676,1.6632016632016986,True,,,,,,,,,,,,numerical_unresolved,,,,
89,0.85,16.0,1.1,1.0,phase_025,0.25,pool_minus,pool,True,numerical_unresolved,indeterminate_long_transient,6.016506793136222,1.6632016632016986,True,,,,,,,,,,,,numerical_unresolved,,,,
90,0.85,16.0,1.1,1.0,phase_050,0.5,phase_anchor,anchor,False,candidate_survives,bounded_oscillatory_candidate,6.048666938690163,1.6632016632016986,True,numerical_unresolved,indeterminate_long_transient,5.6528149062126705,1.6657990629883586,95.94253744580783,True,,,,,,numerical_unresolved,,,,
91,0.85,16.0,1.1,1.0,phase_050,0.5,fast_plus,fast,True,candidate_survives,bounded_oscillatory_candidate,6.048667029934604,1.6632016632016986,True,numerical_unresolved,indeterminate_long_transient,5.652814881699397,1.6657990629883586,95.94252999522723,True,,,,,,numerical_unresolved,,,,
92,0.85,16.0,1.1,1.0,phase_050,0.5,fast_minus,fast,True,candidate_survives,bounded_oscillatory_candidate,6.048666382086969,1.6632016632016986,True,numerical_unresolved,indeterminate_long_transient,5.652814978434409,1.6657990629883586,95.94256724813022,True,,,,,,numerical_unresolved,,,,
93,0.85,16.0,1.1,1.0,phase_050,0.5,pool_plus,pool,True,candidate_survives,bounded_oscillatory_candidate,6.049033289539517,1.6632016632016986,True,numerical_unresolved,bounded_indeterminate,5.651420000358182,1.6657990629883586,95.95211842679419,True,,,,,,numerical_unresolved,,,,
94,0.85,16.0,1.1,1.0,phase_050,0.5,pool_minus,pool,True,candidate_survives,bounded_oscillatory_candidate,6.047866302660982,1.6632016632016986,True,numerical_unresolved,indeterminate_long_transient,5.6531844316090405,1.6657990629883586,95.9488628723193,True,,,,,,numerical_unresolved,,,,
95,0.85,16.0,1.1,1.0,phase_075,0.75,phase_anchor,anchor,False,candidate_survives,bounded_oscillatory_candidate,6.044458489651596,1.6632016632016986,True,numerical_unresolved,bounded_indeterminate,5.972843015701488,1.6657990629883586,95.94253744580783,True,,,,,,numerical_unresolved,,,,
96,0.85,16.0,1.1,1.0,phase_075,0.75,fast_plus,fast,True,candidate_survives,bounded_oscillatory_candidate,6.046704491363207,1.6632016632016986,True,numerical_unresolved,bounded_indeterminate,5.972848886191042,1.6657990629883586,95.95740036456846,True,,,,,,numerical_unresolved,,,,
97,0.85,16.0,1.1,1.0,phase_075,0.75,fast_minus,fast,True,candidate_survives,bounded_oscillatory_candidate,6.040781827981385,1.6632016632016986,True,numerical_unresolved,bounded_indeterminate,5.97271948918215,1.6657990629883586,95.95679765334353,True,,,,,,numerical_unresolved,,,,
98,0.85,16.0,1.1,1.0,phase_075,0.75,pool_plus,pool,True,candidate_survives,bounded_oscillatory_candidate,6.044373577320271,1.6632016632016986,True,numerical_unresolved,bounded_indeterminate,5.972263346256383,1.6657990629883586,95.95105343032628,True,,,,,,numerical_unresolved,,,,
99,0.85,16.0,1.1,1.0,phase_075,0.75,pool_minus,pool,True,candidate_survives,bounded_oscillatory_candidate,6.041392464524236,1.6632016632016986,True,numerical_unresolved,bounded_indeterminate,5.972255104403087,1.6657990629883586,95.94469013973139,True,,,,,,numerical_unresolved,,,,
100,0.85,17.0,1.1,1.0,phase_000,0.0,phase_anchor,anchor,False,numerical_unresolved,indeterminate_long_transient,5.916558289822973,1.6632016632016986,True,,,,,,,,,,,,numerical_unresolved,,,,
101,0.85,17.0,1.1,1.0,phase_000,0.0,fast_plus,fast,True,numerical_unresolved,indeterminate_long_transient,5.915217027452962,1.6632016632016986,True,,,,,,,,,,,,numerical_unresolved,,,,
102,0.85,17.0,1.1,1.0,phase_000,0.0,fast_minus,fast,True,numerical_unresolved,indeterminate_long_transient,5.9151548061862576,1.6632016632016986,True,,,,,,,,,,,,numerical_unresolved,,,,
103,0.85,17.0,1.1,1.0,phase_000,0.0,pool_plus,pool,True,numerical_unresolved,indeterminate_long_transient,5.9165291620922815,1.6632016632016986,True,,,,,,,,,,,,numerical_unresolved,,,,
104,0.85,17.0,1.1,1.0,phase_000,0.0,pool_minus,pool,True,numerical_unresolved,indeterminate_long_transient,5.916557862160034,1.6632016632016986,True,,,,,,,,,,,,numerical_unresolved,,,,
105,0.85,17.0,1.1,1.0,phase_025,0.25,phase_anchor,anchor,False,numerical_unresolved,indeterminate_long_transient,5.667921272409004,1.6632016632016986,True,,,,,,,,,,,,numerical_unresolved,,,,
106,0.85,17.0,1.1,1.0,phase_025,0.25,fast_plus,fast,True,numerical_unresolved,indeterminate_long_transient,5.667921297579884,1.6632016632016986,True,,,,,,,,,,,,numerical_unresolved,,,,
107,0.85,17.0,1.1,1.0,phase_025,0.25,fast_minus,fast,True,numerical_unresolved,indeterminate_long_transient,5.667921272530017,1.6632016632016986,True,,,,,,,,,,,,numerical_unresolved,,,,
108,0.85,17.0,1.1,1.0,phase_025,0.25,pool_plus,pool,True,numerical_unresolved,indeterminate_long_transient,5.632545293360589,1.6632016632016986,True,,,,,,,,,,,,numerical_unresolved,,,,
109,0.85,17.0,1.1,1.0,phase_025,0.25,pool_minus,pool,True,numerical_unresolved,indeterminate_long_transient,5.6996921384382775,1.6632016632016986,True,,,,,,,,,,,,numerical_unresolved,,,,
110,0.85,17.0,1.1,1.0,phase_050,0.5,phase_anchor,anchor,False,numerical_unresolved,indeterminate_long_transient,5.939812435085543,1.6632016632016986,True,,,,,,,,,,,,numerical_unresolved,,,,
111,0.85,17.0,1.1,1.0,phase_050,0.5,fast_plus,fast,True,numerical_unresolved,indeterminate_long_transient,5.93981234837912,1.6632016632016986,True,,,,,,,,,,,,numerical_unresolved,,,,
112,0.85,17.0,1.1,1.0,phase_050,0.5,fast_minus,fast,True,numerical_unresolved,indeterminate_long_transient,5.939812332042251,1.6632016632016986,True,,,,,,,,,,,,numerical_unresolved,,,,
113,0.85,17.0,1.1,1.0,phase_050,0.5,pool_plus,pool,True,numerical_unresolved,indeterminate_long_transient,5.9393724920242645,1.6632016632016986,True,,,,,,,,,,,,numerical_unresolved,,,,
114,0.85,17.0,1.1,1.0,phase_050,0.5,pool_minus,pool,True,numerical_unresolved,indeterminate_long_transient,5.938899602337785,1.6632016632016986,True,,,,,,,,,,,,numerical_unresolved,,,,
115,0.85,17.0,1.1,1.0,phase_075,0.75,phase_anchor,anchor,False,candidate_survives,bounded_oscillatory_candidate,5.934225422005399,1.6632016632016986,True,numerical_unresolved,indeterminate_long_transient,5.557303397642581,1.6657990629883586,94.27778827375732,True,,,,,,numerical_unresolved,,,,
116,0.85,17.0,1.1,1.0,phase_075,0.75,fast_plus,fast,True,candidate_survives,bounded_oscillatory_candidate,5.934737142615442,1.6632016632016986,True,numerical_unresolved,indeterminate_long_transient,5.5570500120285455,1.6657990629883586,94.26593550597318,True,,,,,,numerical_unresolved,,,,
117,0.85,17.0,1.1,1.0,phase_075,0.75,fast_minus,fast,True,candidate_survives,bounded_oscillatory_candidate,5.933394527734158,1.6632016632016986,True,numerical_unresolved,indeterminate_long_transient,5.5578525142319,1.6657990629883586,94.23805598635226,True,,,,,,numerical_unresolved,,,,
118,0.85,17.0,1.1,1.0,phase_075,0.75,pool_plus,pool,True,candidate_survives,bounded_oscillatory_candidate,5.934631350131225,1.6632016632016986,True,numerical_unresolved,indeterminate_long_transient,5.555960571585235,1.6657990629883586,94.26659857854247,True,,,,,,numerical_unresolved,,,,
119,0.85,17.0,1.1,1.0,phase_075,0.75,pool_minus,pool,True,candidate_survives,bounded_oscillatory_candidate,5.933492027744438,1.6632016632016986,True,numerical_unresolved,indeterminate_long_transient,5.56027838999499,1.6657990629883586,94.26048185559921,True,,,,,,numerical_unresolved,,,,
120,0.86,15.0,1.1,1.0,phase_000,0.0,phase_anchor,anchor,False,numerical_unresolved,indeterminate_long_transient,4.824588535858895,2.9106029106029725,True,,,,,,,,,,,,numerical_unresolved,,,,
121,0.86,15.0,1.1,1.0,phase_000,0.0,fast_plus,fast,True,numerical_unresolved,indeterminate_long_transient,4.8278077608269685,2.9106029106029725,True,,,,,,,,,,,,numerical_unresolved,,,,
122,0.86,15.0,1.1,1.0,phase_000,0.0,fast_minus,fast,True,numerical_unresolved,indeterminate_long_transient,4.8221471232847115,2.9106029106029725,True,,,,,,,,,,,,numerical_unresolved,,,,
123,0.86,15.0,1.1,1.0,phase_000,0.0,pool_plus,pool,True,numerical_unresolved,indeterminate_long_transient,4.824088517529987,2.9106029106029725,True,,,,,,,,,,,,numerical_unresolved,,,,
124,0.86,15.0,1.1,1.0,phase_000,0.0,pool_minus,pool,True,numerical_unresolved,indeterminate_long_transient,4.825179742781344,2.9106029106029725,True,,,,,,,,,,,,numerical_unresolved,,,,
125,0.86,15.0,1.1,1.0,phase_025,0.25,phase_anchor,anchor,False,numerical_unresolved,indeterminate_long_transient,6.07215372666188,2.9106029106029725,True,,,,,,,,,,,,numerical_unresolved,,,,
126,0.86,15.0,1.1,1.0,phase_025,0.25,fast_plus,fast,True,numerical_unresolved,indeterminate_long_transient,6.07215372666188,2.9106029106029725,True,,,,,,,,,,,,numerical_unresolved,,,,
127,0.86,15.0,1.1,1.0,phase_025,0.25,fast_minus,fast,True,numerical_unresolved,indeterminate_long_transient,6.07215372666188,2.9106029106029725,True,,,,,,,,,,,,numerical_unresolved,,,,
128,0.86,15.0,1.1,1.0,phase_025,0.25,pool_plus,pool,True,numerical_unresolved,indeterminate_long_transient,6.06179263147723,2.9106029106029725,True,,,,,,,,,,,,numerical_unresolved,,,,
129,0.86,15.0,1.1,1.0,phase_025,0.25,pool_minus,pool,True,numerical_unresolved,indeterminate_long_transient,6.093844263853114,2.9106029106029725,True,,,,,,,,,,,,numerical_unresolved,,,,
130,0.86,15.0,1.1,1.0,phase_050,0.5,phase_anchor,anchor,False,numerical_unresolved,bounded_indeterminate,6.162940757833189,2.9106029106029725,True,,,,,,,,,,,,numerical_unresolved,,,,
131,0.86,15.0,1.1,1.0,phase_050,0.5,fast_plus,fast,True,numerical_unresolved,bounded_indeterminate,6.162940667012296,2.9106029106029725,True,,,,,,,,,,,,numerical_unresolved,,,,
132,0.86,15.0,1.1,1.0,phase_050,0.5,fast_minus,fast,True,numerical_unresolved,bounded_indeterminate,6.162940678871653,2.9106029106029725,True,,,,,,,,,,,,numerical_unresolved,,,,
133,0.86,15.0,1.1,1.0,phase_050,0.5,pool_plus,pool,True,numerical_unresolved,bounded_indeterminate,6.169798988834403,2.9106029106029725,True,,,,,,,,,,,,numerical_unresolved,,,,
134,0.86,15.0,1.1,1.0,phase_050,0.5,pool_minus,pool,True,numerical_unresolved,bounded_indeterminate,6.167178017485658,2.9106029106029725,True,,,,,,,,,,,,numerical_unresolved,,,,
135,0.86,15.0,1.1,1.0,phase_075,0.75,phase_anchor,anchor,False,numerical_unresolved,indeterminate_long_transient,6.044201362513107,2.9106029106029725,True,,,,,,,,,,,,numerical_unresolved,,,,
136,0.86,15.0,1.1,1.0,phase_075,0.75,fast_plus,fast,True,numerical_unresolved,indeterminate_long_transient,6.044744831590242,2.9106029106029725,True,,,,,,,,,,,,numerical_unresolved,,,,
137,0.86,15.0,1.1,1.0,phase_075,0.75,fast_minus,fast,True,numerical_unresolved,indeterminate_long_transient,6.043826505479358,2.9106029106029725,True,,,,,,,,,,,,numerical_unresolved,,,,
138,0.86,15.0,1.1,1.0,phase_075,0.75,pool_plus,pool,True,numerical_unresolved,indeterminate_long_transient,6.058800529837201,2.9106029106029725,True,,,,,,,,,,,,numerical_unresolved,,,,
139,0.86,15.0,1.1,1.0,phase_075,0.75,pool_minus,pool,True,numerical_unresolved,indeterminate_long_transient,6.04431612042927,2.9106029106029725,True,,,,,,,,,,,,numerical_unresolved,,,,
140,0.86,16.0,1.1,1.0,phase_000,0.0,phase_anchor,anchor,False,numerical_unresolved,indeterminate_long_transient,4.718846253934075,2.9106029106029725,True,,,,,,,,,,,,numerical_unresolved,,,,
141,0.86,16.0,1.1,1.0,phase_000,0.0,fast_plus,fast,True,numerical_unresolved,indeterminate_long_transient,4.718083859854058,2.9106029106029725,True,,,,,,,,,,,,numerical_unresolved,,,,
142,0.86,16.0,1.1,1.0,phase_000,0.0,fast_minus,fast,True,numerical_unresolved,indeterminate_long_transient,4.720017366416718,2.9106029106029725,True,,,,,,,,,,,,numerical_unresolved,,,,
143,0.86,16.0,1.1,1.0,phase_000,0.0,pool_plus,pool,True,numerical_unresolved,indeterminate_long_transient,4.718944826127047,2.9106029106029725,True,,,,,,,,,,,,numerical_unresolved,,,,
144,0.86,16.0,1.1,1.0,phase_000,0.0,pool_minus,pool,True,numerical_unresolved,indeterminate_long_transient,4.7187265022604565,2.9106029106029725,True,,,,,,,,,,,,numerical_unresolved,,,,
145,0.86,16.0,1.1,1.0,phase_025,0.25,phase_anchor,anchor,False,numerical_unresolved,indeterminate_long_transient,5.342567938376555,2.9106029106029725,True,,,,,,,,,,,,numerical_unresolved,,,,
146,0.86,16.0,1.1,1.0,phase_025,0.25,fast_plus,fast,True,numerical_unresolved,indeterminate_long_transient,5.342567938376555,2.9106029106029725,True,,,,,,,,,,,,numerical_unresolved,,,,
147,0.86,16.0,1.1,1.0,phase_025,0.25,fast_minus,fast,True,numerical_unresolved,indeterminate_long_transient,5.342567938376555,2.9106029106029725,True,,,,,,,,,,,,numerical_unresolved,,,,
148,0.86,16.0,1.1,1.0,phase_025,0.25,pool_plus,pool,True,numerical_unresolved,indeterminate_long_transient,5.247812245351896,2.9106029106029725,True,,,,,,,,,,,,numerical_unresolved,,,,
149,0.86,16.0,1.1,1.0,phase_025,0.25,pool_minus,pool,True,numerical_unresolved,indeterminate_long_transient,5.431056151886833,2.9106029106029725,True,,,,,,,,,,,,numerical_unresolved,,,,
150,0.86,16.0,1.1,1.0,phase_050,0.5,phase_anchor,anchor,False,numerical_unresolved,bounded_indeterminate,6.05534884470937,2.9106029106029725,True,,,,,,,,,,,,numerical_unresolved,,,,
151,0.86,16.0,1.1,1.0,phase_050,0.5,fast_plus,fast,True,numerical_unresolved,bounded_indeterminate,6.055348868246564,2.9106029106029725,True,,,,,,,,,,,,numerical_unresolved,,,,
152,0.86,16.0,1.1,1.0,phase_050,0.5,fast_minus,fast,True,numerical_unresolved,bounded_indeterminate,6.055348893598965,2.9106029106029725,True,,,,,,,,,,,,numerical_unresolved,,,,
153,0.86,16.0,1.1,1.0,phase_050,0.5,pool_plus,pool,True,numerical_unresolved,bounded_indeterminate,6.057377210397103,2.9106029106029725,True,,,,,,,,,,,,numerical_unresolved,,,,
154,0.86,16.0,1.1,1.0,phase_050,0.5,pool_minus,pool,True,numerical_unresolved,bounded_indeterminate,6.056114792119007,2.9106029106029725,True,,,,,,,,,,,,numerical_unresolved,,,,
155,0.86,16.0,1.1,1.0,phase_075,0.75,phase_anchor,anchor,False,numerical_unresolved,indeterminate_long_transient,5.969471699198062,2.9106029106029725,True,,,,,,,,,,,,numerical_unresolved,,,,
156,0.86,16.0,1.1,1.0,phase_075,0.75,fast_plus,fast,True,numerical_unresolved,indeterminate_long_transient,5.969357293674223,2.9106029106029725,True,,,,,,,,,,,,numerical_unresolved,,,,
157,0.86,16.0,1.1,1.0,phase_075,0.75,fast_minus,fast,True,numerical_unresolved,indeterminate_long_transient,5.969553559318111,2.9106029106029725,True,,,,,,,,,,,,numerical_unresolved,,,,
158,0.86,16.0,1.1,1.0,phase_075,0.75,pool_plus,pool,True,numerical_unresolved,indeterminate_long_transient,5.970569214870255,2.9106029106029725,True,,,,,,,,,,,,numerical_unresolved,,,,
159,0.86,16.0,1.1,1.0,phase_075,0.75,pool_minus,pool,True,numerical_unresolved,indeterminate_long_transient,5.965339644870618,2.9106029106029725,True,,,,,,,,,,,,numerical_unresolved,,,,
160,0.86,17.0,1.1,1.0,phase_000,0.0,phase_anchor,anchor,False,numerical_unresolved,indeterminate_long_transient,4.624542257259164,2.9106029106029725,True,,,,,,,,,,,,numerical_unresolved,,,,
161,0.86,17.0,1.1,1.0,phase_000,0.0,fast_plus,fast,True,numerical_unresolved,indeterminate_long_transient,4.624553688892828,2.9106029106029725,True,,,,,,,,,,,,numerical_unresolved,,,,
162,0.86,17.0,1.1,1.0,phase_000,0.0,fast_minus,fast,True,numerical_unresolved,indeterminate_long_transient,4.624750928093124,2.9106029106029725,True,,,,,,,,,,,,numerical_unresolved,,,,
163,0.86,17.0,1.1,1.0,phase_000,0.0,pool_plus,pool,True,numerical_unresolved,indeterminate_long_transient,4.624536123672276,2.9106029106029725,True,,,,,,,,,,,,numerical_unresolved,,,,
164,0.86,17.0,1.1,1.0,phase_000,0.0,pool_minus,pool,True,numerical_unresolved,indeterminate_long_transient,4.624556602906289,2.9106029106029725,True,,,,,,,,,,,,numerical_unresolved,,,,
165,0.86,17.0,1.1,1.0,phase_025,0.25,phase_anchor,anchor,False,numerical_unresolved,indeterminate_long_transient,4.7330885630980974,2.9106029106029725,True,,,,,,,,,,,,numerical_unresolved,,,,
166,0.86,17.0,1.1,1.0,phase_025,0.25,fast_plus,fast,True,numerical_unresolved,indeterminate_long_transient,4.7330885630980974,2.9106029106029725,True,,,,,,,,,,,,numerical_unresolved,,,,
167,0.86,17.0,1.1,1.0,phase_025,0.25,fast_minus,fast,True,numerical_unresolved,indeterminate_long_transient,4.733088562977084,2.9106029106029725,True,,,,,,,,,,,,numerical_unresolved,,,,
168,0.86,17.0,1.1,1.0,phase_025,0.25,pool_plus,pool,True,numerical_unresolved,indeterminate_long_transient,4.727661269298211,2.9106029106029725,True,,,,,,,,,,,,numerical_unresolved,,,,
169,0.86,17.0,1.1,1.0,phase_025,0.25,pool_minus,pool,True,numerical_unresolved,indeterminate_long_transient,4.737761469094156,2.9106029106029725,True,,,,,,,,,,,,numerical_unresolved,,,,
170,0.86,17.0,1.1,1.0,phase_050,0.5,phase_anchor,anchor,False,numerical_unresolved,bounded_indeterminate,5.953881807110743,2.9106029106029725,True,,,,,,,,,,,,numerical_unresolved,,,,
171,0.86,17.0,1.1,1.0,phase_050,0.5,fast_plus,fast,True,numerical_unresolved,bounded_indeterminate,5.953881786296361,2.9106029106029725,True,,,,,,,,,,,,numerical_unresolved,,,,
172,0.86,17.0,1.1,1.0,phase_050,0.5,fast_minus,fast,True,numerical_unresolved,bounded_indeterminate,5.9538817530780594,2.9106029106029725,True,,,,,,,,,,,,numerical_unresolved,,,,
173,0.86,17.0,1.1,1.0,phase_050,0.5,pool_plus,pool,True,numerical_unresolved,bounded_indeterminate,5.955874969991091,2.9106029106029725,True,,,,,,,,,,,,numerical_unresolved,,,,
174,0.86,17.0,1.1,1.0,phase_050,0.5,pool_minus,pool,True,numerical_unresolved,bounded_indeterminate,5.954311765984994,2.9106029106029725,True,,,,,,,,,,,,numerical_unresolved,,,,
175,0.86,17.0,1.1,1.0,phase_075,0.75,phase_anchor,anchor,False,numerical_unresolved,bounded_indeterminate,5.879490961997892,2.9106029106029725,True,,,,,,,,,,,,numerical_unresolved,,,,
176,0.86,17.0,1.1,1.0,phase_075,0.75,fast_plus,fast,True,numerical_unresolved,bounded_indeterminate,5.879599527332917,2.9106029106029725,True,,,,,,,,,,,,numerical_unresolved,,,,
177,0.86,17.0,1.1,1.0,phase_075,0.75,fast_minus,fast,True,numerical_unresolved,bounded_indeterminate,5.879350703801638,2.9106029106029725,True,,,,,,,,,,,,numerical_unresolved,,,,
178,0.86,17.0,1.1,1.0,phase_075,0.75,pool_plus,pool,True,numerical_unresolved,bounded_indeterminate,5.8835366812947045,2.9106029106029725,True,,,,,,,,,,,,numerical_unresolved,,,,
179,0.86,17.0,1.1,1.0,phase_075,0.75,pool_minus,pool,True,numerical_unresolved,indeterminate_long_transient,5.879488716162393,2.9106029106029725,True,,,,,,,,,,,,numerical_unresolved,,,,
